{"cameraMode":{"drawMode":0,"name":"Shaded","section":"Shading Mode"},"sceneLighting":true,"audioPlay":false,"sceneViewState":{"showFog":true,"showMaterialUpdate":true,"showSkybox":true,"showFlares":true,"showImageEffects":true,"showParticleSystems":true},"in2DMode":false,"pivot":{"x":2.755065441131592,"y":-4.850807189941406,"z":3.369161605834961},"rotation":{"x":-0.2860161364078522,"y":-0.2719440758228302,"z":0.08504434674978256,"w":-0.9149074554443359},"size":7.297699928283691,"orthographic":false}